-- phpMyAdmin SQL Dump
-- version 4.7.9
-- https://www.phpmyadmin.net/
--
-- Host: 127.0.0.1
-- Waktu pembuatan: 12 Mar 2021 pada 08.39
-- Versi server: 10.1.31-MariaDB
-- Versi PHP: 7.2.3

SET SQL_MODE = "NO_AUTO_VALUE_ON_ZERO";
SET AUTOCOMMIT = 0;
START TRANSACTION;
SET time_zone = "+00:00";


/*!40101 SET @OLD_CHARACTER_SET_CLIENT=@@CHARACTER_SET_CLIENT */;
/*!40101 SET @OLD_CHARACTER_SET_RESULTS=@@CHARACTER_SET_RESULTS */;
/*!40101 SET @OLD_COLLATION_CONNECTION=@@COLLATION_CONNECTION */;
/*!40101 SET NAMES utf8mb4 */;

--
-- Database: `katalog_buku`
--

-- --------------------------------------------------------

--
-- Struktur dari tabel `blog`
--

CREATE TABLE `blog` (
  `id_blog` int(11) NOT NULL,
  `id_kategori_blog` int(11) DEFAULT NULL,
  `id_user` int(11) DEFAULT NULL,
  `tanggal` date NOT NULL DEFAULT '1999-01-01',
  `judul` varchar(255) DEFAULT NULL,
  `isi` text
) ENGINE=InnoDB DEFAULT CHARSET=latin1;

--
-- Dumping data untuk tabel `blog`
--

INSERT INTO `blog` (`id_blog`, `id_kategori_blog`, `id_user`, `tanggal`, `judul`, `isi`) VALUES
(1, 1, 1, '2021-02-24', 'Teknologi Terkini', 'Lorem Ipsum is simply dummy text of the printing and typesetting industry. Lorem Ipsum has been the industry\'s standard dummy text ever since the 1500s, when an unknown printer took a galley of type and scrambled it to make a type specimen book. It has survived not only five centuries, but also the leap into electronic typesetting, remaining essentially unchanged. It was popularised in the 1960s with the release of Letraset sheets containing Lorem Ipsum passages, and more recently with desktop publishing software like Aldus PageMaker including versions of Lorem Ipsum.'),
(2, 3, 1, '2021-02-24', 'Versi Terbaru Android Studio', 'Lorem Ipsum is simply dummy text of the printing and typesetting industry. Lorem Ipsum has been the industry\'s standard dummy text ever since the 1500s, when an unknown printer took a galley of type and scrambled it to make a type specimen book. It has survived not only five centuries, but also the leap into electronic typesetting, remaining essentially unchanged. It was popularised in the 1960s with the release of Letraset sheets containing Lorem Ipsum passages, and more recently with desktop publishing software like Aldus PageMaker including versions of Lorem Ipsum.');

-- --------------------------------------------------------

--
-- Struktur dari tabel `buku`
--

CREATE TABLE `buku` (
  `id_buku` int(11) NOT NULL,
  `id_kategori_buku` int(11) DEFAULT NULL,
  `judul` varchar(255) DEFAULT NULL,
  `pengarang` varchar(255) DEFAULT NULL,
  `id_penerbit` int(11) DEFAULT NULL,
  `tahun_terbit` int(11) DEFAULT NULL,
  `sinopsis` text,
  `cover` varchar(255) DEFAULT NULL
) ENGINE=InnoDB DEFAULT CHARSET=latin1;

--
-- Dumping data untuk tabel `buku`
--

INSERT INTO `buku` (`id_buku`, `id_kategori_buku`, `judul`, `pengarang`, `id_penerbit`, `tahun_terbit`, `sinopsis`, `cover`) VALUES
(1, 1, 'Pemrograman Web dengan PHP 7', 'Betha Sidik', 4, 2019, 'Lorem Ipsum is simply dummy text of the printing and typesetting industry. Lorem Ipsum has been the industry\'s standard dummy text ever since the 1500s, when an unknown printer took a galley of type and scrambled it to make a type specimen book. It has survived not only five centuries, but also the leap into electronic typesetting, remaining essentially unchanged. It was popularised in the 1960s with the release of Letraset sheets containing Lorem Ipsum passages, and more recently with desktop publishing software like Aldus PageMaker including versions of Lorem Ipsum.', 'cover_php7.jpg'),
(2, 4, 'Machine Learning Tingkat Dasar dan Lanjut', 'Suyanto', 4, 2020, 'Lorem Ipsum is simply dummy text of the printing and typesetting industry. Lorem Ipsum has been the industry\'s standard dummy text ever since the 1500s, when an unknown printer took a galley of type and scrambled it to make a type specimen book. It has survived not only five centuries, but also the leap into electronic typesetting, remaining essentially unchanged. It was popularised in the 1960s with the release of Letraset sheets containing Lorem Ipsum passages, and more recently with desktop publishing software like Aldus PageMaker including versions of Lorem Ipsum.', 'cover_machine_learning.jpg'),
(3, 1, 'Vue.js', 'Luthfi', 3, 2019, 'Lorem Ipsum is simply dummy text of the printing and typesetting industry. Lorem Ipsum has been the industry\'s standard dummy text ever since the 1500s, when an unknown printer took a galley of type and scrambled it to make a type specimen book. It has survived not only five centuries, but also the leap into electronic typesetting, remaining essentially unchanged. It was popularised in the 1960s with the release of Letraset sheets containing Lorem Ipsum passages, and more recently with desktop publishing software like Aldus PageMaker including versions of Lorem Ipsum.', 'cover_vue.jpg'),
(4, 1, 'React JS', 'Lukmanul Hakim S', 3, 2019, '<p>Lorem Ipsum is simply dummy text of the printing and typesetting industry. Lorem Ipsum has been the industry&#39;s standard dummy text ever since the 1500s, when an unknown printer took a galley of type and scrambled it to make a type specimen book. It has survived not only five centuries, but also the leap into electronic typesetting, remaining essentially unchanged. It was popularised in the 1960s with the release of Letraset sheets containing Lorem Ipsum passages, and more recently with desktop publishing software like Aldus PageMaker including versions of Lorem Ipsum.</p>\r\n', 'react.jpg');

-- --------------------------------------------------------

--
-- Struktur dari tabel `kategori_blog`
--

CREATE TABLE `kategori_blog` (
  `id_kategori_blog` int(11) NOT NULL,
  `kategori_blog` varchar(50) DEFAULT NULL
) ENGINE=InnoDB DEFAULT CHARSET=latin1;

--
-- Dumping data untuk tabel `kategori_blog`
--

INSERT INTO `kategori_blog` (`id_kategori_blog`, `kategori_blog`) VALUES
(1, 'Teknologi'),
(2, 'Pemrograman'),
(3, 'Android'),
(4, 'IoT');

-- --------------------------------------------------------

--
-- Struktur dari tabel `kategori_buku`
--

CREATE TABLE `kategori_buku` (
  `id_kategori_buku` int(11) NOT NULL,
  `kategori_buku` varchar(50) DEFAULT NULL
) ENGINE=InnoDB DEFAULT CHARSET=latin1;

--
-- Dumping data untuk tabel `kategori_buku`
--

INSERT INTO `kategori_buku` (`id_kategori_buku`, `kategori_buku`) VALUES
(1, 'Website'),
(2, 'Mobile'),
(3, 'Desain'),
(4, 'Machine Learning'),
(5, 'Pemrograman'),
(6, 'Database'),
(8, 'Software Enginering'),
(10, 'Pemrograman Mobile'),
(11, 'Pemrograman Dekstop');

-- --------------------------------------------------------

--
-- Struktur dari tabel `konten`
--

CREATE TABLE `konten` (
  `id_konten` int(11) NOT NULL,
  `judul` varchar(255) DEFAULT NULL,
  `isi` text,
  `tanggal` date NOT NULL DEFAULT '1999-01-01'
) ENGINE=InnoDB DEFAULT CHARSET=latin1;

--
-- Dumping data untuk tabel `konten`
--

INSERT INTO `konten` (`id_konten`, `judul`, `isi`, `tanggal`) VALUES
(1, 'About Us', 'Lorem Ipsum is simply dummy text of the printing and typesetting industry. Lorem Ipsum has been the industry\'s standard dummy text ever since the 1500s, when an unknown printer took a galley of type and scrambled it to make a type specimen book. It has survived not only five centuries, but also the leap into electronic typesetting, remaining essentially unchanged. It was popularised in the 1960s with the release of Letraset sheets containing Lorem Ipsum passages, and more recently with desktop publishing software like Aldus PageMaker including versions of Lorem Ipsum.', '1999-01-01');

-- --------------------------------------------------------

--
-- Struktur dari tabel `penerbit`
--

CREATE TABLE `penerbit` (
  `id_penerbit` int(11) NOT NULL,
  `penerbit` varchar(100) DEFAULT NULL,
  `alamat` text
) ENGINE=InnoDB DEFAULT CHARSET=latin1;

--
-- Dumping data untuk tabel `penerbit`
--

INSERT INTO `penerbit` (`id_penerbit`, `penerbit`, `alamat`) VALUES
(1, 'Graha Ilmu', 'Candi Gebang Permai Blok R-6 Yogyakarta'),
(2, 'Andi', 'JL Beo 38-40 Yogyakarta'),
(3, 'Lokomedia', 'JL. Jambon, Perum. Persona Alam Hijau Kav 2. B-4, Kricak Yogyakarta'),
(4, 'Informatika', 'Pasar Buku Palasari No. 82 Bandung'),
(5, 'Elek Media Komputindo', 'Jakarta'),
(6, 'Wineka Utama', 'Malang');

-- --------------------------------------------------------

--
-- Struktur dari tabel `tag`
--

CREATE TABLE `tag` (
  `id_tag` int(11) NOT NULL,
  `tag` varchar(100) DEFAULT NULL
) ENGINE=InnoDB DEFAULT CHARSET=latin1;

--
-- Dumping data untuk tabel `tag`
--

INSERT INTO `tag` (`id_tag`, `tag`) VALUES
(1, 'PHP'),
(2, 'MySQL'),
(3, 'Android'),
(4, 'Javascript'),
(5, 'Phyton'),
(6, 'UML'),
(7, 'Bahasa Inggris'),
(8, 'Bahasa Jepang'),
(9, 'Bahasa Korea'),
(10, 'Oracle'),
(11, 'HTML'),
(12, 'CSS'),
(13, 'Deep Learning'),
(14, 'Frontend'),
(15, 'Framework'),
(16, 'Fuzzy'),
(17, 'Neural Network');

-- --------------------------------------------------------

--
-- Struktur dari tabel `tag_buku`
--

CREATE TABLE `tag_buku` (
  `id_tag_buku` int(11) NOT NULL,
  `id_buku` int(11) DEFAULT NULL,
  `id_tag` int(11) DEFAULT NULL
) ENGINE=InnoDB DEFAULT CHARSET=latin1;

--
-- Dumping data untuk tabel `tag_buku`
--

INSERT INTO `tag_buku` (`id_tag_buku`, `id_buku`, `id_tag`) VALUES
(1, 3, 15),
(2, 3, 4),
(3, 2, 13),
(4, 2, 5),
(6, 1, 1),
(7, 1, 2),
(25, 4, 12),
(26, 4, 15),
(27, 4, 4);

-- --------------------------------------------------------

--
-- Struktur dari tabel `user`
--

CREATE TABLE `user` (
  `id_user` int(11) NOT NULL,
  `nama` varchar(100) DEFAULT NULL,
  `email` varchar(50) DEFAULT NULL,
  `username` varchar(30) DEFAULT NULL,
  `password` varchar(150) DEFAULT NULL,
  `level` varchar(30) DEFAULT NULL,
  `foto` varchar(100) DEFAULT NULL
) ENGINE=InnoDB DEFAULT CHARSET=latin1;

--
-- Dumping data untuk tabel `user`
--

INSERT INTO `user` (`id_user`, `nama`, `email`, `username`, `password`, `level`, `foto`) VALUES
(1, 'Salnan Ratih A', 'salnanratih88@gmail.com', 'salnan', '1b2cef635fc0f78859747845f3de06bb', 'Superadmin', 'salnanratih.jpg'),
(2, 'Arif Agung', 'arif44@gmail.com', 'arif', '0ff6c3ace16359e41e37d40b8301d67f', 'Admin', 'arif.jpg');

--
-- Indexes for dumped tables
--

--
-- Indeks untuk tabel `blog`
--
ALTER TABLE `blog`
  ADD PRIMARY KEY (`id_blog`),
  ADD KEY `kategori_blog` (`id_kategori_blog`),
  ADD KEY `user_blog` (`id_user`);

--
-- Indeks untuk tabel `buku`
--
ALTER TABLE `buku`
  ADD PRIMARY KEY (`id_buku`) USING BTREE,
  ADD KEY `kategori_buku` (`id_kategori_buku`),
  ADD KEY `penerbit_buku` (`id_penerbit`);

--
-- Indeks untuk tabel `kategori_blog`
--
ALTER TABLE `kategori_blog`
  ADD PRIMARY KEY (`id_kategori_blog`);

--
-- Indeks untuk tabel `kategori_buku`
--
ALTER TABLE `kategori_buku`
  ADD PRIMARY KEY (`id_kategori_buku`);

--
-- Indeks untuk tabel `konten`
--
ALTER TABLE `konten`
  ADD PRIMARY KEY (`id_konten`);

--
-- Indeks untuk tabel `penerbit`
--
ALTER TABLE `penerbit`
  ADD PRIMARY KEY (`id_penerbit`);

--
-- Indeks untuk tabel `tag`
--
ALTER TABLE `tag`
  ADD PRIMARY KEY (`id_tag`);

--
-- Indeks untuk tabel `tag_buku`
--
ALTER TABLE `tag_buku`
  ADD PRIMARY KEY (`id_tag_buku`),
  ADD KEY `tag_tag` (`id_tag`),
  ADD KEY `buku_buku` (`id_buku`);

--
-- Indeks untuk tabel `user`
--
ALTER TABLE `user`
  ADD PRIMARY KEY (`id_user`);

--
-- AUTO_INCREMENT untuk tabel yang dibuang
--

--
-- AUTO_INCREMENT untuk tabel `blog`
--
ALTER TABLE `blog`
  MODIFY `id_blog` int(11) NOT NULL AUTO_INCREMENT, AUTO_INCREMENT=3;

--
-- AUTO_INCREMENT untuk tabel `buku`
--
ALTER TABLE `buku`
  MODIFY `id_buku` int(11) NOT NULL AUTO_INCREMENT, AUTO_INCREMENT=5;

--
-- AUTO_INCREMENT untuk tabel `kategori_blog`
--
ALTER TABLE `kategori_blog`
  MODIFY `id_kategori_blog` int(11) NOT NULL AUTO_INCREMENT, AUTO_INCREMENT=5;

--
-- AUTO_INCREMENT untuk tabel `kategori_buku`
--
ALTER TABLE `kategori_buku`
  MODIFY `id_kategori_buku` int(11) NOT NULL AUTO_INCREMENT, AUTO_INCREMENT=12;

--
-- AUTO_INCREMENT untuk tabel `konten`
--
ALTER TABLE `konten`
  MODIFY `id_konten` int(11) NOT NULL AUTO_INCREMENT, AUTO_INCREMENT=2;

--
-- AUTO_INCREMENT untuk tabel `penerbit`
--
ALTER TABLE `penerbit`
  MODIFY `id_penerbit` int(11) NOT NULL AUTO_INCREMENT, AUTO_INCREMENT=7;

--
-- AUTO_INCREMENT untuk tabel `tag`
--
ALTER TABLE `tag`
  MODIFY `id_tag` int(11) NOT NULL AUTO_INCREMENT, AUTO_INCREMENT=18;

--
-- AUTO_INCREMENT untuk tabel `tag_buku`
--
ALTER TABLE `tag_buku`
  MODIFY `id_tag_buku` int(11) NOT NULL AUTO_INCREMENT, AUTO_INCREMENT=28;

--
-- AUTO_INCREMENT untuk tabel `user`
--
ALTER TABLE `user`
  MODIFY `id_user` int(11) NOT NULL AUTO_INCREMENT, AUTO_INCREMENT=5;

--
-- Ketidakleluasaan untuk tabel pelimpahan (Dumped Tables)
--

--
-- Ketidakleluasaan untuk tabel `blog`
--
ALTER TABLE `blog`
  ADD CONSTRAINT `blog_ibfk_1` FOREIGN KEY (`id_kategori_blog`) REFERENCES `kategori_blog` (`id_kategori_blog`) ON DELETE CASCADE ON UPDATE CASCADE,
  ADD CONSTRAINT `blog_ibfk_2` FOREIGN KEY (`id_user`) REFERENCES `user` (`id_user`) ON DELETE CASCADE ON UPDATE CASCADE;

--
-- Ketidakleluasaan untuk tabel `buku`
--
ALTER TABLE `buku`
  ADD CONSTRAINT `buku_ibfk_1` FOREIGN KEY (`id_kategori_buku`) REFERENCES `kategori_buku` (`id_kategori_buku`) ON DELETE CASCADE ON UPDATE CASCADE,
  ADD CONSTRAINT `buku_ibfk_2` FOREIGN KEY (`id_penerbit`) REFERENCES `penerbit` (`id_penerbit`) ON DELETE CASCADE ON UPDATE CASCADE;

--
-- Ketidakleluasaan untuk tabel `tag_buku`
--
ALTER TABLE `tag_buku`
  ADD CONSTRAINT `tag_buku_ibfk_1` FOREIGN KEY (`id_tag`) REFERENCES `tag` (`id_tag`) ON DELETE CASCADE ON UPDATE CASCADE,
  ADD CONSTRAINT `tag_buku_ibfk_2` FOREIGN KEY (`id_buku`) REFERENCES `buku` (`id_buku`) ON DELETE CASCADE ON UPDATE CASCADE;
COMMIT;

/*!40101 SET CHARACTER_SET_CLIENT=@OLD_CHARACTER_SET_CLIENT */;
/*!40101 SET CHARACTER_SET_RESULTS=@OLD_CHARACTER_SET_RESULTS */;
/*!40101 SET COLLATION_CONNECTION=@OLD_COLLATION_CONNECTION */;
